{"cameraMode":{"drawMode":0,"name":"Shaded","section":"Shading Mode"},"sceneLighting":true,"audioPlay":false,"sceneViewState":{"m_AlwaysRefresh":false,"showFog":true,"showSkybox":true,"showFlares":true,"showImageEffects":true,"showParticleSystems":true,"showVisualEffectGraphs":true,"m_FxEnabled":true},"in2DMode":false,"pivot":{"x":-0.5738807320594788,"y":0.5512575507164002,"z":-0.3096666634082794},"rotation":{"x":-0.38614121079444888,"y":0.07573114335536957,"z":-0.031692154705524448,"w":-0.9188957214355469},"size":7.140125274658203,"orthographic":false}